id,kode_provinsi,nama_provinsi,jenis_pekerjaan,jenis_kelamin,jumlah_penduduk,satuan,tahun
1,32,JAWA BARAT,BELUM/TIDAK BEKERJA,LAKI-LAKI,5241582,JIWA,2014
2,32,JAWA BARAT,BELUM/TIDAK BEKERJA,PEREMPUAN,4607170,JIWA,2014
3,32,JAWA BARAT,MENGURUS RUMAH TANGGA,LAKI-LAKI,15556,JIWA,2014
4,32,JAWA BARAT,MENGURUS RUMAH TANGGA,PEREMPUAN,9656836,JIWA,2014
5,32,JAWA BARAT,PELAJAR/MAHASISWA,LAKI-LAKI,3778915,JIWA,2014
6,32,JAWA BARAT,PELAJAR/MAHASISWA,PEREMPUAN,3409256,JIWA,2014
7,32,JAWA BARAT,PENSIUNAN,LAKI-LAKI,244536,JIWA,2014
8,32,JAWA BARAT,PENSIUNAN,PEREMPUAN,91612,JIWA,2014
9,32,JAWA BARAT,PEGAWAI NEGERI SIPIL,LAKI-LAKI,338918,JIWA,2014
10,32,JAWA BARAT,PEGAWAI NEGERI SIPIL,PEREMPUAN,215753,JIWA,2014
11,32,JAWA BARAT,TENTARA NASIONAL INDONESIA,LAKI-LAKI,72756,JIWA,2014
12,32,JAWA BARAT,TENTARA NASIONAL INDONESIA,PEREMPUAN,2419,JIWA,2014
13,32,JAWA BARAT,KEPOLISIAN RI,LAKI-LAKI,44889,JIWA,2014
14,32,JAWA BARAT,KEPOLISIAN RI,PEREMPUAN,2077,JIWA,2014
15,32,JAWA BARAT,PERDAGANGAN,LAKI-LAKI,226037,JIWA,2014
16,32,JAWA BARAT,PERDAGANGAN,PEREMPUAN,55541,JIWA,2014
17,32,JAWA BARAT,PETANI/PEKEBUN,LAKI-LAKI,1210124,JIWA,2014
18,32,JAWA BARAT,PETANI/PEKEBUN,PEREMPUAN,263847,JIWA,2014
19,32,JAWA BARAT,PETERNAK,LAKI-LAKI,14840,JIWA,2014
20,32,JAWA BARAT,PETERNAK,PEREMPUAN,2754,JIWA,2014
21,32,JAWA BARAT,NELAYAN/PERIKANAN,LAKI-LAKI,52160,JIWA,2014
22,32,JAWA BARAT,NELAYAN/PERIKANAN,PEREMPUAN,846,JIWA,2014
23,32,JAWA BARAT,INDUSTRI,LAKI-LAKI,32785,JIWA,2014
24,32,JAWA BARAT,INDUSTRI,PEREMPUAN,10573,JIWA,2014
25,32,JAWA BARAT,KONSTRUKSI,LAKI-LAKI,11613,JIWA,2014
26,32,JAWA BARAT,KONSTRUKSI,PEREMPUAN,565,JIWA,2014
27,32,JAWA BARAT,TRANSPORTASI,LAKI-LAKI,32642,JIWA,2014
28,32,JAWA BARAT,TRANSPORTASI,PEREMPUAN,835,JIWA,2014
29,32,JAWA BARAT,KARYAWAN SWASTA,LAKI-LAKI,2646748,JIWA,2014
30,32,JAWA BARAT,KARYAWAN SWASTA,PEREMPUAN,1043613,JIWA,2014
31,32,JAWA BARAT,KARYAWAN BUMN,LAKI-LAKI,84375,JIWA,2014
32,32,JAWA BARAT,KARYAWAN BUMN,PEREMPUAN,25429,JIWA,2014
33,32,JAWA BARAT,KARYAWAN BUMD,LAKI-LAKI,20624,JIWA,2014
34,32,JAWA BARAT,KARYAWAN BUMD,PEREMPUAN,10008,JIWA,2014
35,32,JAWA BARAT,KARYAWAN HONORER,LAKI-LAKI,46797,JIWA,2014
36,32,JAWA BARAT,KARYAWAN HONORER,PEREMPUAN,34195,JIWA,2014
37,32,JAWA BARAT,BURUH HARIAN LEPAS,LAKI-LAKI,2346910,JIWA,2014
38,32,JAWA BARAT,BURUH HARIAN LEPAS,PEREMPUAN,186825,JIWA,2014
39,32,JAWA BARAT,BURUH TANI/PERKEBUNAN,LAKI-LAKI,465496,JIWA,2014
40,32,JAWA BARAT,BURUH TANI/PERKEBUNAN,PEREMPUAN,75511,JIWA,2014
41,32,JAWA BARAT,BURUH NELAYAN/PERIKANAN,LAKI-LAKI,9481,JIWA,2014
42,32,JAWA BARAT,BURUH NELAYAN/PERIKANAN,PEREMPUAN,499,JIWA,2014
43,32,JAWA BARAT,BURUH PETERNAKAN,LAKI-LAKI,4757,JIWA,2014
44,32,JAWA BARAT,BURUH PETERNAKAN,PEREMPUAN,633,JIWA,2014
45,32,JAWA BARAT,PEMBANTU RUMAH TANGGA,LAKI-LAKI,1271,JIWA,2014
46,32,JAWA BARAT,PEMBANTU RUMAH TANGGA,PEREMPUAN,23322,JIWA,2014
47,32,JAWA BARAT,TUKANG CUKUR,LAKI-LAKI,2927,JIWA,2014
48,32,JAWA BARAT,TUKANG CUKUR,PEREMPUAN,114,JIWA,2014
49,32,JAWA BARAT,TUKANG LISTRIK,LAKI-LAKI,1491,JIWA,2014
50,32,JAWA BARAT,TUKANG LISTRIK,PEREMPUAN,68,JIWA,2014
51,32,JAWA BARAT,TUKANG BATU,LAKI-LAKI,7774,JIWA,2014
52,32,JAWA BARAT,TUKANG BATU,PEREMPUAN,324,JIWA,2014
53,32,JAWA BARAT,TUKANG KAYU,LAKI-LAKI,18549,JIWA,2014
54,32,JAWA BARAT,TUKANG KAYU,PEREMPUAN,129,JIWA,2014
55,32,JAWA BARAT,TUKANG SOL SEPATU,LAKI-LAKI,2538,JIWA,2014
56,32,JAWA BARAT,TUKANG SOL SEPATU,PEREMPUAN,106,JIWA,2014
57,32,JAWA BARAT,TUKANG LAS/PANDAI BESI,LAKI-LAKI,4781,JIWA,2014
58,32,JAWA BARAT,TUKANG LAS/PANDAI BESI,PEREMPUAN,91,JIWA,2014
59,32,JAWA BARAT,TUKANG JAHIT,LAKI-LAKI,15966,JIWA,2014
60,32,JAWA BARAT,TUKANG JAHIT,PEREMPUAN,4949,JIWA,2014
61,32,JAWA BARAT,TUKANG GIGI,LAKI-LAKI,277,JIWA,2014
62,32,JAWA BARAT,TUKANG GIGI,PEREMPUAN,66,JIWA,2014
63,32,JAWA BARAT,PENATA RIAS,LAKI-LAKI,361,JIWA,2014
64,32,JAWA BARAT,PENATA RIAS,PEREMPUAN,1389,JIWA,2014
65,32,JAWA BARAT,PENATA BUSANA,LAKI-LAKI,441,JIWA,2014
66,32,JAWA BARAT,PENATA BUSANA,PEREMPUAN,158,JIWA,2014
67,32,JAWA BARAT,PENATA RAMBUT,LAKI-LAKI,776,JIWA,2014
68,32,JAWA BARAT,PENATA RAMBUT,PEREMPUAN,917,JIWA,2014
69,32,JAWA BARAT,MEKANIK,LAKI-LAKI,8760,JIWA,2014
70,32,JAWA BARAT,MEKANIK,PEREMPUAN,102,JIWA,2014
71,32,JAWA BARAT,SENIMAN,LAKI-LAKI,4032,JIWA,2014
72,32,JAWA BARAT,SENIMAN,PEREMPUAN,767,JIWA,2014
73,32,JAWA BARAT,TABIB,LAKI-LAKI,360,JIWA,2014
74,32,JAWA BARAT,TABIB,PEREMPUAN,45,JIWA,2014
75,32,JAWA BARAT,PARAJI,LAKI-LAKI,119,JIWA,2014
76,32,JAWA BARAT,PARAJI,PEREMPUAN,1386,JIWA,2014
77,32,JAWA BARAT,PERANCANG BUSANA,LAKI-LAKI,79,JIWA,2014
78,32,JAWA BARAT,PERANCANG BUSANA,PEREMPUAN,111,JIWA,2014
79,32,JAWA BARAT,PENTERJEMAH,LAKI-LAKI,234,JIWA,2014
80,32,JAWA BARAT,PENTERJEMAH,PEREMPUAN,90,JIWA,2014
81,32,JAWA BARAT,IMAM MASJID,LAKI-LAKI,2720,JIWA,2014
82,32,JAWA BARAT,IMAM MASJID,PEREMPUAN,25,JIWA,2014
83,32,JAWA BARAT,PENDETA,LAKI-LAKI,1818,JIWA,2014
84,32,JAWA BARAT,PENDETA,PEREMPUAN,606,JIWA,2014
85,32,JAWA BARAT,PASTOR,LAKI-LAKI,204,JIWA,2014
86,32,JAWA BARAT,PASTOR,PEREMPUAN,14,JIWA,2014
87,32,JAWA BARAT,WARTAWAN,LAKI-LAKI,4783,JIWA,2014
88,32,JAWA BARAT,WARTAWAN,PEREMPUAN,503,JIWA,2014
89,32,JAWA BARAT,USTADZ/MUBALIGH,LAKI-LAKI,12550,JIWA,2014
90,32,JAWA BARAT,USTADZ/MUBALIGH,PEREMPUAN,1021,JIWA,2014
91,32,JAWA BARAT,JURU MASAK,LAKI-LAKI,441,JIWA,2014
92,32,JAWA BARAT,JURU MASAK,PEREMPUAN,375,JIWA,2014
93,32,JAWA BARAT,PROMOTOR ACARA,LAKI-LAKI,40,JIWA,2014
94,32,JAWA BARAT,PROMOTOR ACARA,PEREMPUAN,8,JIWA,2014
95,32,JAWA BARAT,ANGGOTA DPR RI,LAKI-LAKI,113,JIWA,2014
96,32,JAWA BARAT,ANGGOTA DPR RI,PEREMPUAN,26,JIWA,2014
97,32,JAWA BARAT,ANGGOTA DPD,LAKI-LAKI,43,JIWA,2014
98,32,JAWA BARAT,ANGGOTA DPD,PEREMPUAN,10,JIWA,2014
99,32,JAWA BARAT,ANGGOTA BPK,LAKI-LAKI,55,JIWA,2014
100,32,JAWA BARAT,ANGGOTA BPK,PEREMPUAN,24,JIWA,2014
101,32,JAWA BARAT,PRESIDEN,LAKI-LAKI,1,JIWA,2014
102,32,JAWA BARAT,PRESIDEN,PEREMPUAN,1,JIWA,2014
103,32,JAWA BARAT,WAKIL PRESIDEN,LAKI-LAKI,1,JIWA,2014
104,32,JAWA BARAT,WAKIL PRESIDEN,PEREMPUAN,1,JIWA,2014
105,32,JAWA BARAT,ANGGOTA MAHKAMAH KONSTITUSI,LAKI-LAKI,28,JIWA,2014
106,32,JAWA BARAT,ANGGOTA MAHKAMAH KONSTITUSI,PEREMPUAN,7,JIWA,2014
107,32,JAWA BARAT,ANGGOTA KABINET KEMENTRIAN,LAKI-LAKI,21,JIWA,2014
108,32,JAWA BARAT,ANGGOTA KABINET KEMENTRIAN,PEREMPUAN,6,JIWA,2014
109,32,JAWA BARAT,DUTA BESAR,LAKI-LAKI,37,JIWA,2014
110,32,JAWA BARAT,DUTA BESAR,PEREMPUAN,15,JIWA,2014
111,32,JAWA BARAT,GUBERNUR,LAKI-LAKI,1,JIWA,2014
112,32,JAWA BARAT,GUBERNUR,PEREMPUAN,4,JIWA,2014
113,32,JAWA BARAT,WAKIL GUBERNUR,LAKI-LAKI,3,JIWA,2014
114,32,JAWA BARAT,WAKIL GUBERNUR,PEREMPUAN,1,JIWA,2014
115,32,JAWA BARAT,BUPATI,LAKI-LAKI,29,JIWA,2014
116,32,JAWA BARAT,BUPATI,PEREMPUAN,2,JIWA,2014
117,32,JAWA BARAT,WAKIL BUPATI,LAKI-LAKI,18,JIWA,2014
118,32,JAWA BARAT,WAKIL BUPATI,PEREMPUAN,1,JIWA,2014
119,32,JAWA BARAT,WALIKOTA,LAKI-LAKI,12,JIWA,2014
120,32,JAWA BARAT,WALIKOTA,PEREMPUAN,5,JIWA,2014
121,32,JAWA BARAT,WAKIL WALIKOTA,LAKI-LAKI,13,JIWA,2014
122,32,JAWA BARAT,WAKIL WALIKOTA,PEREMPUAN,1,JIWA,2014
123,32,JAWA BARAT,ANGGOTA DPRD PROP.,LAKI-LAKI,58,JIWA,2014
124,32,JAWA BARAT,ANGGOTA DPRD PROP.,PEREMPUAN,13,JIWA,2014
125,32,JAWA BARAT,ANGGOTA DPRD KAB./KOTA,LAKI-LAKI,664,JIWA,2014
126,32,JAWA BARAT,ANGGOTA DPRD KAB./KOTA,PEREMPUAN,141,JIWA,2014
127,32,JAWA BARAT,DOSEN,LAKI-LAKI,10496,JIWA,2014
128,32,JAWA BARAT,DOSEN,PEREMPUAN,6715,JIWA,2014
129,32,JAWA BARAT,GURU,LAKI-LAKI,71924,JIWA,2014
130,32,JAWA BARAT,GURU,PEREMPUAN,121005,JIWA,2014
131,32,JAWA BARAT,PILOT,LAKI-LAKI,424,JIWA,2014
132,32,JAWA BARAT,PILOT,PEREMPUAN,30,JIWA,2014
133,32,JAWA BARAT,PENGACARA,LAKI-LAKI,1953,JIWA,2014
134,32,JAWA BARAT,PENGACARA,PEREMPUAN,312,JIWA,2014
135,32,JAWA BARAT,NOTARIS,LAKI-LAKI,415,JIWA,2014
136,32,JAWA BARAT,NOTARIS,PEREMPUAN,634,JIWA,2014
137,32,JAWA BARAT,ARSITEK,LAKI-LAKI,1043,JIWA,2014
138,32,JAWA BARAT,ARSITEK,PEREMPUAN,222,JIWA,2014
139,32,JAWA BARAT,AKUNTAN,LAKI-LAKI,257,JIWA,2014
140,32,JAWA BARAT,AKUNTAN,PEREMPUAN,192,JIWA,2014
141,32,JAWA BARAT,KONSULTAN,LAKI-LAKI,2107,JIWA,2014
142,32,JAWA BARAT,KONSULTAN,PEREMPUAN,435,JIWA,2014
143,32,JAWA BARAT,DOKTER,LAKI-LAKI,7967,JIWA,2014
144,32,JAWA BARAT,DOKTER,PEREMPUAN,8347,JIWA,2014
145,32,JAWA BARAT,BIDAN,LAKI-LAKI,38,JIWA,2014
146,32,JAWA BARAT,BIDAN,PEREMPUAN,12118,JIWA,2014
147,32,JAWA BARAT,PERAWAT,LAKI-LAKI,3936,JIWA,2014
148,32,JAWA BARAT,PERAWAT,PEREMPUAN,13614,JIWA,2014
149,32,JAWA BARAT,APOTEKER,LAKI-LAKI,430,JIWA,2014
150,32,JAWA BARAT,APOTEKER,PEREMPUAN,1293,JIWA,2014
151,32,JAWA BARAT,PSIKIATER/PSIKOLOG,LAKI-LAKI,49,JIWA,2014
152,32,JAWA BARAT,PSIKIATER/PSIKOLOG,PEREMPUAN,227,JIWA,2014
153,32,JAWA BARAT,PENYIAR TELEVISI,LAKI-LAKI,29,JIWA,2014
154,32,JAWA BARAT,PENYIAR TELEVISI,PEREMPUAN,26,JIWA,2014
155,32,JAWA BARAT,PENYIAR RADIO,LAKI-LAKI,185,JIWA,2014
156,32,JAWA BARAT,PENYIAR RADIO,PEREMPUAN,98,JIWA,2014
157,32,JAWA BARAT,PELAUT,LAKI-LAKI,4680,JIWA,2014
158,32,JAWA BARAT,PELAUT,PEREMPUAN,35,JIWA,2014
159,32,JAWA BARAT,PENELITI,LAKI-LAKI,1028,JIWA,2014
160,32,JAWA BARAT,PENELITI,PEREMPUAN,169,JIWA,2014
161,32,JAWA BARAT,SOPIR,LAKI-LAKI,111778,JIWA,2014
162,32,JAWA BARAT,SOPIR,PEREMPUAN,298,JIWA,2014
163,32,JAWA BARAT,PIALANG,LAKI-LAKI,360,JIWA,2014
164,32,JAWA BARAT,PIALANG,PEREMPUAN,100,JIWA,2014
165,32,JAWA BARAT,PARANORMAL,LAKI-LAKI,1166,JIWA,2014
166,32,JAWA BARAT,PARANORMAL,PEREMPUAN,208,JIWA,2014
167,32,JAWA BARAT,PEDAGANG,LAKI-LAKI,404532,JIWA,2014
168,32,JAWA BARAT,PEDAGANG,PEREMPUAN,100370,JIWA,2014
169,32,JAWA BARAT,PERANGKAT DESA,LAKI-LAKI,26959,JIWA,2014
170,32,JAWA BARAT,PERANGKAT DESA,PEREMPUAN,1761,JIWA,2014
171,32,JAWA BARAT,KEPALA DESA,LAKI-LAKI,3839,JIWA,2014
172,32,JAWA BARAT,KEPALA DESA,PEREMPUAN,240,JIWA,2014
173,32,JAWA BARAT,BIARAWAN/BIARAWATI,LAKI-LAKI,770,JIWA,2014
174,32,JAWA BARAT,BIARAWAN/BIARAWATI,PEREMPUAN,443,JIWA,2014
175,32,JAWA BARAT,WIRASWASTA,LAKI-LAKI,3999977,JIWA,2014
176,32,JAWA BARAT,WIRASWASTA,PEREMPUAN,566737,JIWA,2014
177,32,JAWA BARAT,PEKERJAAN LAINNYA,LAKI-LAKI,95628,JIWA,2014
178,32,JAWA BARAT,PEKERJAAN LAINNYA,PEREMPUAN,72154,JIWA,2014
179,32,JAWA BARAT,BELUM/TIDAK BEKERJA,LAKI-LAKI,5789236,JIWA,2015
180,32,JAWA BARAT,MENGURUS RUMAH TANGGA,LAKI-LAKI,438,JIWA,2015
181,32,JAWA BARAT,PELAJAR/MAHASISWA,LAKI-LAKI,3904150,JIWA,2015
182,32,JAWA BARAT,PENSIUNAN,LAKI-LAKI,216570,JIWA,2015
183,32,JAWA BARAT,PEGAWAI NEGERI SIPIL,LAKI-LAKI,318129,JIWA,2015
184,32,JAWA BARAT,TENTARA NASIONAL INDONESIA,LAKI-LAKI,69240,JIWA,2015
185,32,JAWA BARAT,KEPOLISIAN RI,LAKI-LAKI,42938,JIWA,2015
186,32,JAWA BARAT,PERDAGANGAN,LAKI-LAKI,188417,JIWA,2015
187,32,JAWA BARAT,PETANI/PEKEBUN,LAKI-LAKI,1116401,JIWA,2015
188,32,JAWA BARAT,PETERNAK,LAKI-LAKI,10740,JIWA,2015
189,32,JAWA BARAT,NELAYAN/PERIKANAN,LAKI-LAKI,46766,JIWA,2015
190,32,JAWA BARAT,INDUSTRI,LAKI-LAKI,21538,JIWA,2015
191,32,JAWA BARAT,KONSTRUKSI,LAKI-LAKI,9810,JIWA,2015
192,32,JAWA BARAT,TRANSPORTASI,LAKI-LAKI,27180,JIWA,2015
193,32,JAWA BARAT,KARYAWAN SWASTA,LAKI-LAKI,2586740,JIWA,2015
194,32,JAWA BARAT,KARYAWAN BUMN,LAKI-LAKI,77976,JIWA,2015
195,32,JAWA BARAT,KARYAWAN BUMD,LAKI-LAKI,22756,JIWA,2015
196,32,JAWA BARAT,KARYAWAN HONORER,LAKI-LAKI,46550,JIWA,2015
197,32,JAWA BARAT,BURUH HARIAN LEPAS,LAKI-LAKI,2422781,JIWA,2015
198,32,JAWA BARAT,BURUH TANI/PERKEBUNAN,LAKI-LAKI,446013,JIWA,2015
199,32,JAWA BARAT,BURUH NELAYAN/PERIKANAN,LAKI-LAKI,9477,JIWA,2015
200,32,JAWA BARAT,BURUH PETERNAKAN,LAKI-LAKI,4473,JIWA,2015
201,32,JAWA BARAT,PEMBANTU RUMAH TANGGA,LAKI-LAKI,821,JIWA,2015
202,32,JAWA BARAT,TUKANG CUKUR,LAKI-LAKI,2609,JIWA,2015
203,32,JAWA BARAT,TUKANG LISTRIK,LAKI-LAKI,1328,JIWA,2015
204,32,JAWA BARAT,TUKANG BATU,LAKI-LAKI,7168,JIWA,2015
205,32,JAWA BARAT,TUKANG KAYU,LAKI-LAKI,17485,JIWA,2015
206,32,JAWA BARAT,TUKANG SOL SEPATU,LAKI-LAKI,2172,JIWA,2015
207,32,JAWA BARAT,TUKANG LAS/PANDAI BESI,LAKI-LAKI,4686,JIWA,2015
208,32,JAWA BARAT,TUKANG JAHIT,LAKI-LAKI,13341,JIWA,2015
209,32,JAWA BARAT,TUKANG GIGI,LAKI-LAKI,228,JIWA,2015
210,32,JAWA BARAT,PENATA RIAS,LAKI-LAKI,331,JIWA,2015
211,32,JAWA BARAT,PENATA BUSANA,LAKI-LAKI,583,JIWA,2015
212,32,JAWA BARAT,PENATA RAMBUT,LAKI-LAKI,1203,JIWA,2015
213,32,JAWA BARAT,MEKANIK,LAKI-LAKI,8020,JIWA,2015
214,32,JAWA BARAT,SENIMAN,LAKI-LAKI,3793,JIWA,2015
215,32,JAWA BARAT,TABIB,LAKI-LAKI,293,JIWA,2015
216,32,JAWA BARAT,PARAJI,LAKI-LAKI,106,JIWA,2015
217,32,JAWA BARAT,PERANCANG BUSANA,LAKI-LAKI,64,JIWA,2015
218,32,JAWA BARAT,PENTERJEMAH,LAKI-LAKI,236,JIWA,2015
219,32,JAWA BARAT,IMAM MASJID,LAKI-LAKI,2415,JIWA,2015
220,32,JAWA BARAT,PENDETA,LAKI-LAKI,1728,JIWA,2015
221,32,JAWA BARAT,PASTOR,LAKI-LAKI,159,JIWA,2015
222,32,JAWA BARAT,WARTAWAN,LAKI-LAKI,4583,JIWA,2015
223,32,JAWA BARAT,USTADZ/MUBALIGH,LAKI-LAKI,11323,JIWA,2015
224,32,JAWA BARAT,JURU MASAK,LAKI-LAKI,538,JIWA,2015
225,32,JAWA BARAT,PROMOTOR ACARA,LAKI-LAKI,44,JIWA,2015
226,32,JAWA BARAT,ANGGOTA DPR RI,LAKI-LAKI,87,JIWA,2015
227,32,JAWA BARAT,ANGGOTA DPD,LAKI-LAKI,30,JIWA,2015
228,32,JAWA BARAT,ANGGOTA BPK,LAKI-LAKI,40,JIWA,2015
229,32,JAWA BARAT,PRESIDEN,LAKI-LAKI,2,JIWA,2015
230,32,JAWA BARAT,WAKIL PRESIDEN,LAKI-LAKI,0,JIWA,2015
231,32,JAWA BARAT,ANGGOTA MAHKAMAH KONSTITUSI,LAKI-LAKI,23,JIWA,2015
232,32,JAWA BARAT,ANGGOTA KABINET KEMENTRIAN,LAKI-LAKI,22,JIWA,2015
233,32,JAWA BARAT,DUTA BESAR,LAKI-LAKI,172,JIWA,2015
234,32,JAWA BARAT,GUBERNUR,LAKI-LAKI,1,JIWA,2015
235,32,JAWA BARAT,WAKIL GUBERNUR,LAKI-LAKI,1,JIWA,2015
236,32,JAWA BARAT,BUPATI,LAKI-LAKI,20,JIWA,2015
237,32,JAWA BARAT,WAKIL BUPATI,LAKI-LAKI,15,JIWA,2015
238,32,JAWA BARAT,WALIKOTA,LAKI-LAKI,11,JIWA,2015
239,32,JAWA BARAT,WAKIL WALIKOTA,LAKI-LAKI,11,JIWA,2015
240,32,JAWA BARAT,ANGGOTA DPRD PROP.,LAKI-LAKI,56,JIWA,2015
241,32,JAWA BARAT,ANGGOTA DPRD KAB./KOTA,LAKI-LAKI,647,JIWA,2015
242,32,JAWA BARAT,DOSEN,LAKI-LAKI,10585,JIWA,2015
243,32,JAWA BARAT,GURU,LAKI-LAKI,70586,JIWA,2015
244,32,JAWA BARAT,PILOT,LAKI-LAKI,428,JIWA,2015
245,32,JAWA BARAT,PENGACARA,LAKI-LAKI,1862,JIWA,2015
246,32,JAWA BARAT,NOTARIS,LAKI-LAKI,424,JIWA,2015
247,32,JAWA BARAT,ARSITEK,LAKI-LAKI,992,JIWA,2015
248,32,JAWA BARAT,AKUNTAN,LAKI-LAKI,223,JIWA,2015
249,32,JAWA BARAT,KONSULTAN,LAKI-LAKI,2074,JIWA,2015
250,32,JAWA BARAT,DOKTER,LAKI-LAKI,7688,JIWA,2015
251,32,JAWA BARAT,BIDAN,LAKI-LAKI,1,JIWA,2015
252,32,JAWA BARAT,PERAWAT,LAKI-LAKI,4177,JIWA,2015
253,32,JAWA BARAT,APOTEKER,LAKI-LAKI,422,JIWA,2015
254,32,JAWA BARAT,PSIKIATER/PSIKOLOG,LAKI-LAKI,47,JIWA,2015
255,32,JAWA BARAT,PENYIAR TELEVISI,LAKI-LAKI,24,JIWA,2015
256,32,JAWA BARAT,PENYIAR RADIO,LAKI-LAKI,158,JIWA,2015
257,32,JAWA BARAT,PELAUT,LAKI-LAKI,4354,JIWA,2015
258,32,JAWA BARAT,PENELITI,LAKI-LAKI,760,JIWA,2015
259,32,JAWA BARAT,SOPIR,LAKI-LAKI,106642,JIWA,2015
260,32,JAWA BARAT,PIALANG,LAKI-LAKI,319,JIWA,2015
261,32,JAWA BARAT,PARANORMAL,LAKI-LAKI,700,JIWA,2015
262,32,JAWA BARAT,PEDAGANG,LAKI-LAKI,389216,JIWA,2015
263,32,JAWA BARAT,PERANGKAT DESA,LAKI-LAKI,25860,JIWA,2015
264,32,JAWA BARAT,KEPALA DESA,LAKI-LAKI,3681,JIWA,2015
265,32,JAWA BARAT,BIARAWAN/BIARAWATI,LAKI-LAKI,3,JIWA,2015
266,32,JAWA BARAT,WIRASWASTA,LAKI-LAKI,3809537,JIWA,2015
267,32,JAWA BARAT,PEKERJAAN LAINNYA,LAKI-LAKI,70794,JIWA,2015
268,32,JAWA BARAT,BELUM/TIDAK BEKERJA,PEREMPUAN,5110515,JIWA,2015
269,32,JAWA BARAT,MENGURUS RUMAH TANGGA,PEREMPUAN,9832208,JIWA,2015
270,32,JAWA BARAT,PELAJAR/MAHASISWA,PEREMPUAN,3534924,JIWA,2015
271,32,JAWA BARAT,PENSIUNAN,PEREMPUAN,82714,JIWA,2015
272,32,JAWA BARAT,PEGAWAI NEGERI SIPIL,PEREMPUAN,209609,JIWA,2015
273,32,JAWA BARAT,TENTARA NASIONAL INDONESIA,PEREMPUAN,2284,JIWA,2015
274,32,JAWA BARAT,KEPOLISIAN RI,PEREMPUAN,2060,JIWA,2015
275,32,JAWA BARAT,PERDAGANGAN,PEREMPUAN,46421,JIWA,2015
276,32,JAWA BARAT,PETANI/PEKEBUN,PEREMPUAN,235305,JIWA,2015
277,32,JAWA BARAT,PETERNAK,PEREMPUAN,1886,JIWA,2015
278,32,JAWA BARAT,NELAYAN/PERIKANAN,PEREMPUAN,605,JIWA,2015
279,32,JAWA BARAT,INDUSTRI,PEREMPUAN,6091,JIWA,2015
280,32,JAWA BARAT,KONSTRUKSI,PEREMPUAN,418,JIWA,2015
281,32,JAWA BARAT,TRANSPORTASI,PEREMPUAN,571,JIWA,2015
282,32,JAWA BARAT,KARYAWAN SWASTA,PEREMPUAN,1009340,JIWA,2015
283,32,JAWA BARAT,KARYAWAN BUMN,PEREMPUAN,24460,JIWA,2015
284,32,JAWA BARAT,KARYAWAN BUMD,PEREMPUAN,11403,JIWA,2015
285,32,JAWA BARAT,KARYAWAN HONORER,PEREMPUAN,34732,JIWA,2015
286,32,JAWA BARAT,BURUH HARIAN LEPAS,PEREMPUAN,177524,JIWA,2015
287,32,JAWA BARAT,BURUH TANI/PERKEBUNAN,PEREMPUAN,74728,JIWA,2015
288,32,JAWA BARAT,BURUH NELAYAN/PERIKANAN,PEREMPUAN,467,JIWA,2015
289,32,JAWA BARAT,BURUH PETERNAKAN,PEREMPUAN,603,JIWA,2015
290,32,JAWA BARAT,PEMBANTU RUMAH TANGGA,PEREMPUAN,18432,JIWA,2015
291,32,JAWA BARAT,TUKANG CUKUR,PEREMPUAN,85,JIWA,2015
292,32,JAWA BARAT,TUKANG LISTRIK,PEREMPUAN,56,JIWA,2015
293,32,JAWA BARAT,TUKANG BATU,PEREMPUAN,207,JIWA,2015
294,32,JAWA BARAT,TUKANG KAYU,PEREMPUAN,97,JIWA,2015
295,32,JAWA BARAT,TUKANG SOL SEPATU,PEREMPUAN,89,JIWA,2015
296,32,JAWA BARAT,TUKANG LAS/PANDAI BESI,PEREMPUAN,186,JIWA,2015
297,32,JAWA BARAT,TUKANG JAHIT,PEREMPUAN,4354,JIWA,2015
298,32,JAWA BARAT,TUKANG GIGI,PEREMPUAN,57,JIWA,2015
299,32,JAWA BARAT,PENATA RIAS,PEREMPUAN,1272,JIWA,2015
300,32,JAWA BARAT,PENATA BUSANA,PEREMPUAN,139,JIWA,2015
301,32,JAWA BARAT,PENATA RAMBUT,PEREMPUAN,1352,JIWA,2015
302,32,JAWA BARAT,MEKANIK,PEREMPUAN,113,JIWA,2015
303,32,JAWA BARAT,SENIMAN,PEREMPUAN,712,JIWA,2015
304,32,JAWA BARAT,TABIB,PEREMPUAN,33,JIWA,2015
305,32,JAWA BARAT,PARAJI,PEREMPUAN,1248,JIWA,2015
306,32,JAWA BARAT,PERANCANG BUSANA,PEREMPUAN,104,JIWA,2015
307,32,JAWA BARAT,PENTERJEMAH,PEREMPUAN,85,JIWA,2015
308,32,JAWA BARAT,IMAM MASJID,PEREMPUAN,0,JIWA,2015
309,32,JAWA BARAT,PENDETA,PEREMPUAN,6,JIWA,2015
310,32,JAWA BARAT,PASTOR,PEREMPUAN,0,JIWA,2015
311,32,JAWA BARAT,WARTAWAN,PEREMPUAN,503,JIWA,2015
312,32,JAWA BARAT,USTADZ/MUBALIGH,PEREMPUAN,923,JIWA,2015
313,32,JAWA BARAT,JURU MASAK,PEREMPUAN,469,JIWA,2015
314,32,JAWA BARAT,PROMOTOR ACARA,PEREMPUAN,6,JIWA,2015
315,32,JAWA BARAT,ANGGOTA DPR RI,PEREMPUAN,16,JIWA,2015
316,32,JAWA BARAT,ANGGOTA DPD,PEREMPUAN,4,JIWA,2015
317,32,JAWA BARAT,ANGGOTA BPK,PEREMPUAN,26,JIWA,2015
318,32,JAWA BARAT,PRESIDEN,PEREMPUAN,0,JIWA,2015
319,32,JAWA BARAT,WAKIL PRESIDEN,PEREMPUAN,1,JIWA,2015
320,32,JAWA BARAT,ANGGOTA MAHKAMAH KONSTITUSI,PEREMPUAN,6,JIWA,2015
321,32,JAWA BARAT,ANGGOTA KABINET KEMENTRIAN,PEREMPUAN,5,JIWA,2015
322,32,JAWA BARAT,DUTA BESAR,PEREMPUAN,31,JIWA,2015
323,32,JAWA BARAT,GUBERNUR,PEREMPUAN,5,JIWA,2015
324,32,JAWA BARAT,WAKIL GUBERNUR,PEREMPUAN,1,JIWA,2015
325,32,JAWA BARAT,BUPATI,PEREMPUAN,4,JIWA,2015
326,32,JAWA BARAT,WAKIL BUPATI,PEREMPUAN,3,JIWA,2015
327,32,JAWA BARAT,WALIKOTA,PEREMPUAN,3,JIWA,2015
328,32,JAWA BARAT,WAKIL WALIKOTA,PEREMPUAN,1,JIWA,2015
329,32,JAWA BARAT,ANGGOTA DPRD PROP.,PEREMPUAN,10,JIWA,2015
330,32,JAWA BARAT,ANGGOTA DPRD KAB./KOTA,PEREMPUAN,141,JIWA,2015
331,32,JAWA BARAT,DOSEN,PEREMPUAN,7102,JIWA,2015
332,32,JAWA BARAT,GURU,PEREMPUAN,122772,JIWA,2015
333,32,JAWA BARAT,PILOT,PEREMPUAN,26,JIWA,2015
334,32,JAWA BARAT,PENGACARA,PEREMPUAN,300,JIWA,2015
335,32,JAWA BARAT,NOTARIS,PEREMPUAN,646,JIWA,2015
336,32,JAWA BARAT,ARSITEK,PEREMPUAN,211,JIWA,2015
337,32,JAWA BARAT,AKUNTAN,PEREMPUAN,157,JIWA,2015
338,32,JAWA BARAT,KONSULTAN,PEREMPUAN,419,JIWA,2015
339,32,JAWA BARAT,DOKTER,PEREMPUAN,8645,JIWA,2015
340,32,JAWA BARAT,BIDAN,PEREMPUAN,13512,JIWA,2015
341,32,JAWA BARAT,PERAWAT,PEREMPUAN,13965,JIWA,2015
342,32,JAWA BARAT,APOTEKER,PEREMPUAN,1336,JIWA,2015
343,32,JAWA BARAT,PSIKIATER/PSIKOLOG,PEREMPUAN,239,JIWA,2015
344,32,JAWA BARAT,PENYIAR TELEVISI,PEREMPUAN,21,JIWA,2015
345,32,JAWA BARAT,PENYIAR RADIO,PEREMPUAN,85,JIWA,2015
346,32,JAWA BARAT,PELAUT,PEREMPUAN,33,JIWA,2015
347,32,JAWA BARAT,PENELITI,PEREMPUAN,168,JIWA,2015
348,32,JAWA BARAT,SOPIR,PEREMPUAN,208,JIWA,2015
349,32,JAWA BARAT,PIALANG,PEREMPUAN,84,JIWA,2015
350,32,JAWA BARAT,PARANORMAL,PEREMPUAN,129,JIWA,2015
351,32,JAWA BARAT,PEDAGANG,PEREMPUAN,95489,JIWA,2015
352,32,JAWA BARAT,PERANGKAT DESA,PEREMPUAN,1877,JIWA,2015
353,32,JAWA BARAT,KEPALA DESA,PEREMPUAN,239,JIWA,2015
354,32,JAWA BARAT,BIARAWAN/BIARAWATI,PEREMPUAN,304,JIWA,2015
355,32,JAWA BARAT,WIRASWASTA,PEREMPUAN,469726,JIWA,2015
356,32,JAWA BARAT,PEKERJAAN LAINNYA,PEREMPUAN,52071,JIWA,2015
357,32,JAWA BARAT,BELUM/TIDAK BEKERJA,LAKI-LAKI,5473290,JIWA,2018
358,32,JAWA BARAT,BELUM/TIDAK BEKERJA,PEREMPUAN,4740432,JIWA,2018
359,32,JAWA BARAT,MENGURUS RUMAH TANGGA,LAKI-LAKI,9537,JIWA,2018
360,32,JAWA BARAT,MENGURUS RUMAH TANGGA,PEREMPUAN,10999986,JIWA,2018
361,32,JAWA BARAT,PELAJAR/MAHASISWA,LAKI-LAKI,4199547,JIWA,2018
362,32,JAWA BARAT,PELAJAR/MAHASISWA,PEREMPUAN,3716698,JIWA,2018
363,32,JAWA BARAT,PENSIUNAN,LAKI-LAKI,218404,JIWA,2018
364,32,JAWA BARAT,PENSIUNAN,PEREMPUAN,84187,JIWA,2018
365,32,JAWA BARAT,PEGAWAI NEGERI SIPIL,LAKI-LAKI,303592,JIWA,2018
366,32,JAWA BARAT,PEGAWAI NEGERI SIPIL,PEREMPUAN,212763,JIWA,2018
367,32,JAWA BARAT,TENTARA NASIONAL INDONESIA,LAKI-LAKI,74877,JIWA,2018
368,32,JAWA BARAT,TENTARA NASIONAL INDONESIA,PEREMPUAN,2269,JIWA,2018
369,32,JAWA BARAT,KEPOLISIAN RI,LAKI-LAKI,47462,JIWA,2018
370,32,JAWA BARAT,KEPOLISIAN RI,PEREMPUAN,2608,JIWA,2018
371,32,JAWA BARAT,PERDAGANGAN,LAKI-LAKI,149719,JIWA,2018
372,32,JAWA BARAT,PERDAGANGAN,PEREMPUAN,35981,JIWA,2018
373,32,JAWA BARAT,PETANI/PEKEBUN,LAKI-LAKI,1038715,JIWA,2018
374,32,JAWA BARAT,PETANI/PEKEBUN,PEREMPUAN,203433,JIWA,2018
375,32,JAWA BARAT,PETERNAK,LAKI-LAKI,8235,JIWA,2018
376,32,JAWA BARAT,PETERNAK,PEREMPUAN,1111,JIWA,2018
377,32,JAWA BARAT,NELAYAN/PERIKANAN,LAKI-LAKI,49855,JIWA,2018
378,32,JAWA BARAT,NELAYAN/PERIKANAN,PEREMPUAN,292,JIWA,2018
379,32,JAWA BARAT,INDUSTRI,LAKI-LAKI,12590,JIWA,2018
380,32,JAWA BARAT,INDUSTRI,PEREMPUAN,3289,JIWA,2018
381,32,JAWA BARAT,KONSTRUKSI,LAKI-LAKI,6453,JIWA,2018
382,32,JAWA BARAT,KONSTRUKSI,PEREMPUAN,202,JIWA,2018
383,32,JAWA BARAT,TRANSPORTASI,LAKI-LAKI,18816,JIWA,2018
384,32,JAWA BARAT,TRANSPORTASI,PEREMPUAN,340,JIWA,2018
385,32,JAWA BARAT,KARYAWAN SWASTA,LAKI-LAKI,2946816,JIWA,2018
386,32,JAWA BARAT,KARYAWAN SWASTA,PEREMPUAN,1148747,JIWA,2018
387,32,JAWA BARAT,KARYAWAN BUMN,LAKI-LAKI,82331,JIWA,2018
388,32,JAWA BARAT,KARYAWAN BUMN,PEREMPUAN,27798,JIWA,2018
389,32,JAWA BARAT,KARYAWAN BUMD,LAKI-LAKI,11274,JIWA,2018
390,32,JAWA BARAT,KARYAWAN BUMD,PEREMPUAN,4786,JIWA,2018
391,32,JAWA BARAT,KARYAWAN HONORER,LAKI-LAKI,58067,JIWA,2018
392,32,JAWA BARAT,KARYAWAN HONORER,PEREMPUAN,47633,JIWA,2018
393,32,JAWA BARAT,BURUH HARIAN LEPAS,LAKI-LAKI,2985761,JIWA,2018
394,32,JAWA BARAT,BURUH HARIAN LEPAS,PEREMPUAN,171931,JIWA,2018
395,32,JAWA BARAT,BURUH TANI/PERKEBUNAN,LAKI-LAKI,436362,JIWA,2018
396,32,JAWA BARAT,BURUH TANI/PERKEBUNAN,PEREMPUAN,67381,JIWA,2018
397,32,JAWA BARAT,BURUH NELAYAN/PERIKANAN,LAKI-LAKI,10765,JIWA,2018
398,32,JAWA BARAT,BURUH NELAYAN/PERIKANAN,PEREMPUAN,306,JIWA,2018
399,32,JAWA BARAT,BURUH PETERNAKAN,LAKI-LAKI,3951,JIWA,2018
400,32,JAWA BARAT,BURUH PETERNAKAN,PEREMPUAN,409,JIWA,2018
401,32,JAWA BARAT,PEMBANTU RUMAH TANGGA,LAKI-LAKI,388,JIWA,2018
402,32,JAWA BARAT,PEMBANTU RUMAH TANGGA,PEREMPUAN,12859,JIWA,2018
403,32,JAWA BARAT,TUKANG CUKUR,LAKI-LAKI,2213,JIWA,2018
404,32,JAWA BARAT,TUKANG CUKUR,PEREMPUAN,41,JIWA,2018
405,32,JAWA BARAT,TUKANG LISTRIK,LAKI-LAKI,1107,JIWA,2018
406,32,JAWA BARAT,TUKANG LISTRIK,PEREMPUAN,30,JIWA,2018
407,32,JAWA BARAT,TUKANG BATU,LAKI-LAKI,5960,JIWA,2018
408,32,JAWA BARAT,TUKANG BATU,PEREMPUAN,62,JIWA,2018
409,32,JAWA BARAT,TUKANG KAYU,LAKI-LAKI,15662,JIWA,2018
410,32,JAWA BARAT,TUKANG KAYU,PEREMPUAN,49,JIWA,2018
411,32,JAWA BARAT,TUKANG SOL SEPATU,LAKI-LAKI,1350,JIWA,2018
412,32,JAWA BARAT,TUKANG SOL SEPATU,PEREMPUAN,43,JIWA,2018
413,32,JAWA BARAT,TUKANG LAS/PANDAI BESI,LAKI-LAKI,3847,JIWA,2018
414,32,JAWA BARAT,TUKANG LAS/PANDAI BESI,PEREMPUAN,39,JIWA,2018
415,32,JAWA BARAT,TUKANG JAHIT,LAKI-LAKI,12567,JIWA,2018
416,32,JAWA BARAT,TUKANG JAHIT,PEREMPUAN,3886,JIWA,2018
417,32,JAWA BARAT,TUKANG GIGI,LAKI-LAKI,167,JIWA,2018
418,32,JAWA BARAT,TUKANG GIGI,PEREMPUAN,31,JIWA,2018
419,32,JAWA BARAT,PENATA RIAS,LAKI-LAKI,289,JIWA,2018
420,32,JAWA BARAT,PENATA RIAS,PEREMPUAN,1275,JIWA,2018
421,32,JAWA BARAT,PENATA BUSANA,LAKI-LAKI,194,JIWA,2018
422,32,JAWA BARAT,PENATA BUSANA,PEREMPUAN,133,JIWA,2018
423,32,JAWA BARAT,PENATA RAMBUT,LAKI-LAKI,358,JIWA,2018
424,32,JAWA BARAT,PENATA RAMBUT,PEREMPUAN,551,JIWA,2018
425,32,JAWA BARAT,MEKANIK,LAKI-LAKI,7991,JIWA,2018
426,32,JAWA BARAT,MEKANIK,PEREMPUAN,23,JIWA,2018
427,32,JAWA BARAT,SENIMAN,LAKI-LAKI,4361,JIWA,2018
428,32,JAWA BARAT,SENIMAN,PEREMPUAN,802,JIWA,2018
429,32,JAWA BARAT,TABIB,LAKI-LAKI,243,JIWA,2018
430,32,JAWA BARAT,TABIB,PEREMPUAN,30,JIWA,2018
431,32,JAWA BARAT,PARAJI,LAKI-LAKI,71,JIWA,2018
432,32,JAWA BARAT,PARAJI,PEREMPUAN,1180,JIWA,2018
433,32,JAWA BARAT,PERANCANG BUSANA,LAKI-LAKI,56,JIWA,2018
434,32,JAWA BARAT,PERANCANG BUSANA,PEREMPUAN,121,JIWA,2018
435,32,JAWA BARAT,PENTERJEMAH,LAKI-LAKI,133,JIWA,2018
436,32,JAWA BARAT,PENTERJEMAH,PEREMPUAN,87,JIWA,2018
437,32,JAWA BARAT,IMAM MESJID,LAKI-LAKI,2048,JIWA,2018
438,32,JAWA BARAT,IMAM MESJID,PEREMPUAN,6,JIWA,2018
439,32,JAWA BARAT,PENDETA,LAKI-LAKI,1980,JIWA,2018
440,32,JAWA BARAT,PENDETA,PEREMPUAN,594,JIWA,2018
441,32,JAWA BARAT,PASTOR,LAKI-LAKI,187,JIWA,2018
442,32,JAWA BARAT,PASTOR,PEREMPUAN,3,JIWA,2018
443,32,JAWA BARAT,WARTAWAN,LAKI-LAKI,4893,JIWA,2018
444,32,JAWA BARAT,WARTAWAN,PEREMPUAN,592,JIWA,2018
445,32,JAWA BARAT,USTADZ/MUBALIGH,LAKI-LAKI,11837,JIWA,2018
446,32,JAWA BARAT,USTADZ/MUBALIGH,PEREMPUAN,851,JIWA,2018
447,32,JAWA BARAT,JURU MASAK,LAKI-LAKI,414,JIWA,2018
448,32,JAWA BARAT,JURU MASAK,PEREMPUAN,292,JIWA,2018
449,32,JAWA BARAT,PROMOTOR ACARA,LAKI-LAKI,31,JIWA,2018
450,32,JAWA BARAT,PROMOTOR ACARA,PEREMPUAN,5,JIWA,2018
451,32,JAWA BARAT,ANGGOTA DPR-RI,LAKI-LAKI,75,JIWA,2018
452,32,JAWA BARAT,ANGGOTA DPR-RI,PEREMPUAN,9,JIWA,2018
453,32,JAWA BARAT,ANGGOTA DPD,LAKI-LAKI,19,JIWA,2018
454,32,JAWA BARAT,ANGGOTA DPD,PEREMPUAN,2,JIWA,2018
455,32,JAWA BARAT,ANGGOTA BPK,LAKI-LAKI,21,JIWA,2018
456,32,JAWA BARAT,ANGGOTA BPK,PEREMPUAN,23,JIWA,2018
457,32,JAWA BARAT,PRESIDEN,LAKI-LAKI,0,JIWA,2018
458,32,JAWA BARAT,PRESIDEN,PEREMPUAN,0,JIWA,2018
459,32,JAWA BARAT,WAKIL PRESIDEN,LAKI-LAKI,0,JIWA,2018
460,32,JAWA BARAT,WAKIL PRESIDEN,PEREMPUAN,0,JIWA,2018
461,32,JAWA BARAT,ANGGOTA MAHKAMAH KONSTITUSI,LAKI-LAKI,20,JIWA,2018
462,32,JAWA BARAT,ANGGOTA MAHKAMAH KONSTITUSI,PEREMPUAN,3,JIWA,2018
463,32,JAWA BARAT,ANGGOTA KABINET/KEMENTERIAN,LAKI-LAKI,17,JIWA,2018
464,32,JAWA BARAT,ANGGOTA KABINET/KEMENTERIAN,PEREMPUAN,1,JIWA,2018
465,32,JAWA BARAT,DUTA BESAR,LAKI-LAKI,16,JIWA,2018
466,32,JAWA BARAT,DUTA BESAR,PEREMPUAN,3,JIWA,2018
467,32,JAWA BARAT,GUBERNUR,LAKI-LAKI,1,JIWA,2018
468,32,JAWA BARAT,GUBERNUR,PEREMPUAN,0,JIWA,2018
469,32,JAWA BARAT,WAKIL GUBERNUR,LAKI-LAKI,1,JIWA,2018
470,32,JAWA BARAT,WAKIL GUBERNUR,PEREMPUAN,0,JIWA,2018
471,32,JAWA BARAT,BUPATI,LAKI-LAKI,13,JIWA,2018
472,32,JAWA BARAT,BUPATI,PEREMPUAN,5,JIWA,2018
473,32,JAWA BARAT,WAKIL BUPATI,LAKI-LAKI,11,JIWA,2018
474,32,JAWA BARAT,WAKIL BUPATI,PEREMPUAN,0,JIWA,2018
475,32,JAWA BARAT,WALIKOTA,LAKI-LAKI,8,JIWA,2018
476,32,JAWA BARAT,WALIKOTA,PEREMPUAN,2,JIWA,2018
477,32,JAWA BARAT,WAKIL WALIKOTA,LAKI-LAKI,8,JIWA,2018
478,32,JAWA BARAT,WAKIL WALIKOTA,PEREMPUAN,0,JIWA,2018
479,32,JAWA BARAT,ANGGOTA DPRD PROVINSI,LAKI-LAKI,41,JIWA,2018
480,32,JAWA BARAT,ANGGOTA DPRD PROVINSI,PEREMPUAN,10,JIWA,2018
481,32,JAWA BARAT,ANGGOTA DPRD KABUPATEN/KOTA,LAKI-LAKI,613,JIWA,2018
482,32,JAWA BARAT,ANGGOTA DPRD KABUPATEN/KOTA,PEREMPUAN,152,JIWA,2018
483,32,JAWA BARAT,DOSEN,LAKI-LAKI,12713,JIWA,2018
484,32,JAWA BARAT,DOSEN,PEREMPUAN,9016,JIWA,2018
485,32,JAWA BARAT,GURU,LAKI-LAKI,83322,JIWA,2018
486,32,JAWA BARAT,GURU,PEREMPUAN,150560,JIWA,2018
487,32,JAWA BARAT,PILOT,LAKI-LAKI,534,JIWA,2018
488,32,JAWA BARAT,PILOT,PEREMPUAN,10,JIWA,2018
489,32,JAWA BARAT,PENGACARA,LAKI-LAKI,2246,JIWA,2018
490,32,JAWA BARAT,PENGACARA,PEREMPUAN,356,JIWA,2018
491,32,JAWA BARAT,NOTARIS,LAKI-LAKI,448,JIWA,2018
492,32,JAWA BARAT,NOTARIS,PEREMPUAN,747,JIWA,2018
493,32,JAWA BARAT,ARSITEK,LAKI-LAKI,1161,JIWA,2018
494,32,JAWA BARAT,ARSITEK,PEREMPUAN,273,JIWA,2018
495,32,JAWA BARAT,AKUNTAN,LAKI-LAKI,245,JIWA,2018
496,32,JAWA BARAT,AKUNTAN,PEREMPUAN,177,JIWA,2018
497,32,JAWA BARAT,KONSULTAN,LAKI-LAKI,2349,JIWA,2018
498,32,JAWA BARAT,KONSULTAN,PEREMPUAN,530,JIWA,2018
499,32,JAWA BARAT,DOKTER,LAKI-LAKI,7363,JIWA,2018
500,32,JAWA BARAT,DOKTER,PEREMPUAN,11169,JIWA,2018
501,32,JAWA BARAT,BIDAN,LAKI-LAKI,5,JIWA,2018
502,32,JAWA BARAT,BIDAN,PEREMPUAN,21913,JIWA,2018
503,32,JAWA BARAT,PERAWAT,LAKI-LAKI,6947,JIWA,2018
504,32,JAWA BARAT,PERAWAT,PEREMPUAN,18869,JIWA,2018
505,32,JAWA BARAT,APOTEKER,LAKI-LAKI,596,JIWA,2018
506,32,JAWA BARAT,APOTEKER,PEREMPUAN,1952,JIWA,2018
507,32,JAWA BARAT,PSIKIATER/PSIKOLOG,LAKI-LAKI,62,JIWA,2018
508,32,JAWA BARAT,PSIKIATER/PSIKOLOG,PEREMPUAN,312,JIWA,2018
509,32,JAWA BARAT,PENYIAR TELEVISI,LAKI-LAKI,25,JIWA,2018
510,32,JAWA BARAT,PENYIAR TELEVISI,PEREMPUAN,20,JIWA,2018
511,32,JAWA BARAT,PENYIAR RADIO,LAKI-LAKI,132,JIWA,2018
512,32,JAWA BARAT,PENYIAR RADIO,PEREMPUAN,68,JIWA,2018
513,32,JAWA BARAT,PELAUT,LAKI-LAKI,4977,JIWA,2018
514,32,JAWA BARAT,PELAUT,PEREMPUAN,37,JIWA,2018
515,32,JAWA BARAT,PENELITI,LAKI-LAKI,737,JIWA,2018
516,32,JAWA BARAT,PENELITI,PEREMPUAN,206,JIWA,2018
517,32,JAWA BARAT,SOPIR,LAKI-LAKI,110679,JIWA,2018
518,32,JAWA BARAT,SOPIR,PEREMPUAN,104,JIWA,2018
519,32,JAWA BARAT,PIALANG,LAKI-LAKI,222,JIWA,2018
520,32,JAWA BARAT,PIALANG,PEREMPUAN,58,JIWA,2018
521,32,JAWA BARAT,PARANORMAL,LAKI-LAKI,392,JIWA,2018
522,32,JAWA BARAT,PARANORMAL,PEREMPUAN,71,JIWA,2018
523,32,JAWA BARAT,PEDAGANG,LAKI-LAKI,413797,JIWA,2018
524,32,JAWA BARAT,PEDAGANG,PEREMPUAN,93309,JIWA,2018
525,32,JAWA BARAT,PERANGKAT DESA,LAKI-LAKI,27802,JIWA,2018
526,32,JAWA BARAT,PERANGKAT DESA,PEREMPUAN,3093,JIWA,2018
527,32,JAWA BARAT,KEPALA DESA,LAKI-LAKI,3685,JIWA,2018
528,32,JAWA BARAT,KEPALA DESA,PEREMPUAN,254,JIWA,2018
529,32,JAWA BARAT,BIARAWATI,LAKI-LAKI,178,JIWA,2018
530,32,JAWA BARAT,BIARAWATI,PEREMPUAN,312,JIWA,2018
531,32,JAWA BARAT,WIRASWASTA,LAKI-LAKI,3989418,JIWA,2018
532,32,JAWA BARAT,WIRASWASTA,PEREMPUAN,422582,JIWA,2018
533,32,JAWA BARAT,LAINNYA,LAKI-LAKI,20321,JIWA,2018
534,32,JAWA BARAT,LAINNYA,PEREMPUAN,12964,JIWA,2018
535,32,JAWA BARAT,BELUM/TIDAK BEKERJA,LAKI-LAKI,5932223,JIWA,2020
536,32,JAWA BARAT,BELUM/TIDAK BEKERJA,PEREMPUAN,5131782,JIWA,2020
537,32,JAWA BARAT,MENGURUS RUMAH TANGGA,LAKI-LAKI,5206,JIWA,2020
538,32,JAWA BARAT,MENGURUS RUMAH TANGGA,PEREMPUAN,11394411,JIWA,2020
539,32,JAWA BARAT,PELAJAR/MAHASISWA,LAKI-LAKI,4556443,JIWA,2020
540,32,JAWA BARAT,PELAJAR/MAHASISWA,PEREMPUAN,3990750,JIWA,2020
541,32,JAWA BARAT,PENSIUNAN,LAKI-LAKI,185439,JIWA,2020
542,32,JAWA BARAT,PENSIUNAN,PEREMPUAN,75197,JIWA,2020
543,32,JAWA BARAT,PEGAWAI NEGERI SIPIL,LAKI-LAKI,282579,JIWA,2020
544,32,JAWA BARAT,PEGAWAI NEGERI SIPIL,PEREMPUAN,208671,JIWA,2020
545,32,JAWA BARAT,TENTARA NASIONAL INDONESIA,LAKI-LAKI,75348,JIWA,2020
546,32,JAWA BARAT,TENTARA NASIONAL INDONESIA,PEREMPUAN,2304,JIWA,2020
547,32,JAWA BARAT,KEPOLISIAN RI,LAKI-LAKI,48159,JIWA,2020
548,32,JAWA BARAT,KEPOLISIAN RI,PEREMPUAN,2794,JIWA,2020
549,32,JAWA BARAT,PERDAGANGAN,LAKI-LAKI,130042,JIWA,2020
550,32,JAWA BARAT,PERDAGANGAN,PEREMPUAN,29885,JIWA,2020
551,32,JAWA BARAT,PETANI/PEKEBUN,LAKI-LAKI,917300,JIWA,2020
552,32,JAWA BARAT,PETANI/PEKEBUN,PEREMPUAN,175288,JIWA,2020
553,32,JAWA BARAT,PETERNAK,LAKI-LAKI,6763,JIWA,2020
554,32,JAWA BARAT,PETERNAK,PEREMPUAN,816,JIWA,2020
555,32,JAWA BARAT,NELAYAN/PERIKANAN,LAKI-LAKI,51966,JIWA,2020
556,32,JAWA BARAT,NELAYAN/PERIKANAN,PEREMPUAN,219,JIWA,2020
557,32,JAWA BARAT,INDUSTRI,LAKI-LAKI,10004,JIWA,2020
558,32,JAWA BARAT,INDUSTRI,PEREMPUAN,2359,JIWA,2020
559,32,JAWA BARAT,KONSTRUKSI,LAKI-LAKI,5581,JIWA,2020
560,32,JAWA BARAT,KONSTRUKSI,PEREMPUAN,156,JIWA,2020
561,32,JAWA BARAT,TRANSPORTASI,LAKI-LAKI,16148,JIWA,2020
562,32,JAWA BARAT,TRANSPORTASI,PEREMPUAN,270,JIWA,2020
563,32,JAWA BARAT,KARYAWAN SWASTA,LAKI-LAKI,3031935,JIWA,2020
564,32,JAWA BARAT,KARYAWAN SWASTA,PEREMPUAN,1169362,JIWA,2020
565,32,JAWA BARAT,KARYAWAN BUMN,LAKI-LAKI,81052,JIWA,2020
566,32,JAWA BARAT,KARYAWAN BUMN,PEREMPUAN,28562,JIWA,2020
567,32,JAWA BARAT,KARYAWAN BUMD,LAKI-LAKI,10945,JIWA,2020
568,32,JAWA BARAT,KARYAWAN BUMD,PEREMPUAN,4882,JIWA,2020
569,32,JAWA BARAT,KARYAWAN HONORER,LAKI-LAKI,62890,JIWA,2020
570,32,JAWA BARAT,KARYAWAN HONORER,PEREMPUAN,52825,JIWA,2020
571,32,JAWA BARAT,BURUH HARIAN LEPAS,LAKI-LAKI,3344689,JIWA,2020
572,32,JAWA BARAT,BURUH HARIAN LEPAS,PEREMPUAN,159871,JIWA,2020
573,32,JAWA BARAT,BURUH TANI/PERKEBUNAN,LAKI-LAKI,397888,JIWA,2020
574,32,JAWA BARAT,BURUH TANI/PERKEBUNAN,PEREMPUAN,57903,JIWA,2020
575,32,JAWA BARAT,BURUH NELAYAN/PERIKANAN,LAKI-LAKI,12049,JIWA,2020
576,32,JAWA BARAT,BURUH NELAYAN/PERIKANAN,PEREMPUAN,249,JIWA,2020
577,32,JAWA BARAT,BURUH PETERNAKAN,LAKI-LAKI,3592,JIWA,2020
578,32,JAWA BARAT,BURUH PETERNAKAN,PEREMPUAN,338,JIWA,2020
579,32,JAWA BARAT,PEMBANTU RUMAH TANGGA,LAKI-LAKI,241,JIWA,2020
580,32,JAWA BARAT,PEMBANTU RUMAH TANGGA,PEREMPUAN,10564,JIWA,2020
581,32,JAWA BARAT,TUKANG CUKUR,LAKI-LAKI,2310,JIWA,2020
582,32,JAWA BARAT,TUKANG CUKUR,PEREMPUAN,22,JIWA,2020
583,32,JAWA BARAT,TUKANG LISTRIK,LAKI-LAKI,976,JIWA,2020
584,32,JAWA BARAT,TUKANG LISTRIK,PEREMPUAN,20,JIWA,2020
585,32,JAWA BARAT,TUKANG BATU,LAKI-LAKI,5248,JIWA,2020
586,32,JAWA BARAT,TUKANG BATU,PEREMPUAN,41,JIWA,2020
587,32,JAWA BARAT,TUKANG KAYU,LAKI-LAKI,14129,JIWA,2020
588,32,JAWA BARAT,TUKANG KAYU,PEREMPUAN,33,JIWA,2020
589,32,JAWA BARAT,TUKANG SOL SEPATU,LAKI-LAKI,936,JIWA,2020
590,32,JAWA BARAT,TUKANG SOL SEPATU,PEREMPUAN,18,JIWA,2020
591,32,JAWA BARAT,TUKANG LAS/PANDAI BESI,LAKI-LAKI,3537,JIWA,2020
592,32,JAWA BARAT,TUKANG LAS/PANDAI BESI,PEREMPUAN,26,JIWA,2020
593,32,JAWA BARAT,TUKANG JAHIT,LAKI-LAKI,11763,JIWA,2020
594,32,JAWA BARAT,TUKANG JAHIT,PEREMPUAN,3546,JIWA,2020
595,32,JAWA BARAT,TUKANG GIGI,LAKI-LAKI,140,JIWA,2020
596,32,JAWA BARAT,TUKANG GIGI,PEREMPUAN,22,JIWA,2020
597,32,JAWA BARAT,PENATA RIAS,LAKI-LAKI,256,JIWA,2020
598,32,JAWA BARAT,PENATA RIAS,PEREMPUAN,1252,JIWA,2020
599,32,JAWA BARAT,PENATA BUSANA,LAKI-LAKI,144,JIWA,2020
600,32,JAWA BARAT,PENATA BUSANA,PEREMPUAN,121,JIWA,2020
601,32,JAWA BARAT,PENATA RAMBUT,LAKI-LAKI,330,JIWA,2020
602,32,JAWA BARAT,PENATA RAMBUT,PEREMPUAN,514,JIWA,2020
603,32,JAWA BARAT,MEKANIK,LAKI-LAKI,7782,JIWA,2020
604,32,JAWA BARAT,MEKANIK,PEREMPUAN,15,JIWA,2020
605,32,JAWA BARAT,SENIMAN,LAKI-LAKI,4506,JIWA,2020
606,32,JAWA BARAT,SENIMAN,PEREMPUAN,855,JIWA,2020
607,32,JAWA BARAT,TABIB,LAKI-LAKI,200,JIWA,2020
608,32,JAWA BARAT,TABIB,PEREMPUAN,20,JIWA,2020
609,32,JAWA BARAT,PARAJI,LAKI-LAKI,42,JIWA,2020
610,32,JAWA BARAT,PARAJI,PEREMPUAN,881,JIWA,2020
611,32,JAWA BARAT,PERANCANG BUSANA,LAKI-LAKI,54,JIWA,2020
612,32,JAWA BARAT,PERANCANG BUSANA,PEREMPUAN,132,JIWA,2020
613,32,JAWA BARAT,PENTERJEMAH,LAKI-LAKI,113,JIWA,2020
614,32,JAWA BARAT,PENTERJEMAH,PEREMPUAN,96,JIWA,2020
615,32,JAWA BARAT,IMAM MESJID,LAKI-LAKI,1652,JIWA,2020
616,32,JAWA BARAT,IMAM MESJID,PEREMPUAN,2,JIWA,2020
617,32,JAWA BARAT,PENDETA,LAKI-LAKI,2000,JIWA,2020
618,32,JAWA BARAT,PENDETA,PEREMPUAN,579,JIWA,2020
619,32,JAWA BARAT,PASTOR,LAKI-LAKI,171,JIWA,2020
620,32,JAWA BARAT,PASTOR,PEREMPUAN,3,JIWA,2020
621,32,JAWA BARAT,WARTAWAN,LAKI-LAKI,4792,JIWA,2020
622,32,JAWA BARAT,WARTAWAN,PEREMPUAN,608,JIWA,2020
623,32,JAWA BARAT,USTADZ/MUBALIGH,LAKI-LAKI,11361,JIWA,2020
624,32,JAWA BARAT,USTADZ/MUBALIGH,PEREMPUAN,791,JIWA,2020
625,32,JAWA BARAT,JURU MASAK,LAKI-LAKI,454,JIWA,2020
626,32,JAWA BARAT,JURU MASAK,PEREMPUAN,269,JIWA,2020
627,32,JAWA BARAT,PROMOTOR ACARA,LAKI-LAKI,30,JIWA,2020
628,32,JAWA BARAT,PROMOTOR ACARA,PEREMPUAN,6,JIWA,2020
629,32,JAWA BARAT,ANGGOTA DPR-RI,LAKI-LAKI,63,JIWA,2020
630,32,JAWA BARAT,ANGGOTA DPR-RI,PEREMPUAN,9,JIWA,2020
631,32,JAWA BARAT,ANGGOTA DPD,LAKI-LAKI,11,JIWA,2020
632,32,JAWA BARAT,ANGGOTA DPD,PEREMPUAN,3,JIWA,2020
633,32,JAWA BARAT,ANGGOTA BPK,LAKI-LAKI,18,JIWA,2020
634,32,JAWA BARAT,ANGGOTA BPK,PEREMPUAN,15,JIWA,2020
635,32,JAWA BARAT,ANGGOTA MAHKAMAH KONSTITUSI,LAKI-LAKI,18,JIWA,2020
636,32,JAWA BARAT,ANGGOTA MAHKAMAH KONSTITUSI,PEREMPUAN,2,JIWA,2020
637,32,JAWA BARAT,ANGGOTA KABINET/KEMENTERIAN,LAKI-LAKI,13,JIWA,2020
638,32,JAWA BARAT,ANGGOTA KABINET/KEMENTERIAN,PEREMPUAN,2,JIWA,2020
639,32,JAWA BARAT,DUTA BESAR,LAKI-LAKI,12,JIWA,2020
640,32,JAWA BARAT,DUTA BESAR,PEREMPUAN,1,JIWA,2020
641,32,JAWA BARAT,GUBERNUR,LAKI-LAKI,1,JIWA,2020
642,32,JAWA BARAT,GUBERNUR,PEREMPUAN,0,JIWA,2020
643,32,JAWA BARAT,WAKIL GUBERNUR,LAKI-LAKI,3,JIWA,2020
644,32,JAWA BARAT,WAKIL GUBERNUR,PEREMPUAN,1,JIWA,2020
645,32,JAWA BARAT,BUPATI,LAKI-LAKI,14,JIWA,2020
646,32,JAWA BARAT,BUPATI,PEREMPUAN,4,JIWA,2020
647,32,JAWA BARAT,WAKIL BUPATI,LAKI-LAKI,9,JIWA,2020
648,32,JAWA BARAT,WAKIL BUPATI,PEREMPUAN,0,JIWA,2020
649,32,JAWA BARAT,WALIKOTA,LAKI-LAKI,8,JIWA,2020
650,32,JAWA BARAT,WALIKOTA,PEREMPUAN,2,JIWA,2020
651,32,JAWA BARAT,WAKIL WALIKOTA,LAKI-LAKI,7,JIWA,2020
652,32,JAWA BARAT,WAKIL WALIKOTA,PEREMPUAN,1,JIWA,2020
653,32,JAWA BARAT,ANGGOTA DPRD PROVINSI,LAKI-LAKI,42,JIWA,2020
654,32,JAWA BARAT,ANGGOTA DPRD PROVINSI,PEREMPUAN,10,JIWA,2020
655,32,JAWA BARAT,ANGGOTA DPRD KABUPATEN/KOTA,LAKI-LAKI,607,JIWA,2020
656,32,JAWA BARAT,ANGGOTA DPRD KABUPATEN/KOTA,PEREMPUAN,162,JIWA,2020
657,32,JAWA BARAT,DOSEN,LAKI-LAKI,13543,JIWA,2020
658,32,JAWA BARAT,DOSEN,PEREMPUAN,9937,JIWA,2020
659,32,JAWA BARAT,GURU,LAKI-LAKI,87798,JIWA,2020
660,32,JAWA BARAT,GURU,PEREMPUAN,160609,JIWA,2020
661,32,JAWA BARAT,PILOT,LAKI-LAKI,587,JIWA,2020
662,32,JAWA BARAT,PILOT,PEREMPUAN,13,JIWA,2020
663,32,JAWA BARAT,PENGACARA,LAKI-LAKI,2416,JIWA,2020
664,32,JAWA BARAT,PENGACARA,PEREMPUAN,389,JIWA,2020
665,32,JAWA BARAT,NOTARIS,LAKI-LAKI,452,JIWA,2020
666,32,JAWA BARAT,NOTARIS,PEREMPUAN,801,JIWA,2020
667,32,JAWA BARAT,ARSITEK,LAKI-LAKI,1231,JIWA,2020
668,32,JAWA BARAT,ARSITEK,PEREMPUAN,310,JIWA,2020
669,32,JAWA BARAT,AKUNTAN,LAKI-LAKI,233,JIWA,2020
670,32,JAWA BARAT,AKUNTAN,PEREMPUAN,183,JIWA,2020
671,32,JAWA BARAT,KONSULTAN,LAKI-LAKI,2448,JIWA,2020
672,32,JAWA BARAT,KONSULTAN,PEREMPUAN,569,JIWA,2020
673,32,JAWA BARAT,DOKTER,LAKI-LAKI,7969,JIWA,2020
674,32,JAWA BARAT,DOKTER,PEREMPUAN,12859,JIWA,2020
675,32,JAWA BARAT,BIDAN,LAKI-LAKI,2,JIWA,2020
676,32,JAWA BARAT,BIDAN,PEREMPUAN,25058,JIWA,2020
677,32,JAWA BARAT,PERAWAT,LAKI-LAKI,8445,JIWA,2020
678,32,JAWA BARAT,PERAWAT,PEREMPUAN,21334,JIWA,2020
679,32,JAWA BARAT,APOTEKER,LAKI-LAKI,731,JIWA,2020
680,32,JAWA BARAT,APOTEKER,PEREMPUAN,2410,JIWA,2020
681,32,JAWA BARAT,PSIKIATER/PSIKOLOG,LAKI-LAKI,72,JIWA,2020
682,32,JAWA BARAT,PSIKIATER/PSIKOLOG,PEREMPUAN,367,JIWA,2020
683,32,JAWA BARAT,PENYIAR TELEVISI,LAKI-LAKI,22,JIWA,2020
684,32,JAWA BARAT,PENYIAR TELEVISI,PEREMPUAN,22,JIWA,2020
685,32,JAWA BARAT,PENYIAR RADIO,LAKI-LAKI,123,JIWA,2020
686,32,JAWA BARAT,PENYIAR RADIO,PEREMPUAN,76,JIWA,2020
687,32,JAWA BARAT,PELAUT,LAKI-LAKI,5105,JIWA,2020
688,32,JAWA BARAT,PELAUT,PEREMPUAN,45,JIWA,2020
689,32,JAWA BARAT,PENELITI,LAKI-LAKI,634,JIWA,2020
690,32,JAWA BARAT,PENELITI,PEREMPUAN,210,JIWA,2020
691,32,JAWA BARAT,SOPIR,LAKI-LAKI,106180,JIWA,2020
692,32,JAWA BARAT,SOPIR,PEREMPUAN,75,JIWA,2020
693,32,JAWA BARAT,PIALANG,LAKI-LAKI,193,JIWA,2020
694,32,JAWA BARAT,PIALANG,PEREMPUAN,46,JIWA,2020
695,32,JAWA BARAT,PARANORMAL,LAKI-LAKI,247,JIWA,2020
696,32,JAWA BARAT,PARANORMAL,PEREMPUAN,47,JIWA,2020
697,32,JAWA BARAT,PEDAGANG,LAKI-LAKI,404928,JIWA,2020
698,32,JAWA BARAT,PEDAGANG,PEREMPUAN,85528,JIWA,2020
699,32,JAWA BARAT,PERANGKAT DESA,LAKI-LAKI,25452,JIWA,2020
700,32,JAWA BARAT,PERANGKAT DESA,PEREMPUAN,3402,JIWA,2020
701,32,JAWA BARAT,KEPALA DESA,LAKI-LAKI,3416,JIWA,2020
702,32,JAWA BARAT,KEPALA DESA,PEREMPUAN,236,JIWA,2020
703,32,JAWA BARAT,BIARAWATI,LAKI-LAKI,72,JIWA,2020
704,32,JAWA BARAT,BIARAWATI,PEREMPUAN,285,JIWA,2020
705,32,JAWA BARAT,WIRASWASTA,LAKI-LAKI,3966153,JIWA,2020
706,32,JAWA BARAT,WIRASWASTA,PEREMPUAN,406649,JIWA,2020
707,32,JAWA BARAT,LAINNYA,LAKI-LAKI,12828,JIWA,2020
708,32,JAWA BARAT,LAINNYA,PEREMPUAN,8107,JIWA,2020
709,32,JAWA BARAT,BELUM / TIDAK BEKERJA,LAKI-LAKI,170273,JIWA,2023
710,32,JAWA BARAT,BELUM / TIDAK BEKERJA,PEREMPUAN,115681,JIWA,2023
711,32,JAWA BARAT,APARATUR / PEJABAR NEGARA,LAKI-LAKI,486657,JIWA,2023
712,32,JAWA BARAT,APARATUR / PEJABAR NEGARA,PEREMPUAN,49614,JIWA,2023
713,32,JAWA BARAT,TENAGA PENGAJAR,LAKI-LAKI,106929,JIWA,2023
714,32,JAWA BARAT,TENAGA PENGAJAR,PEREMPUAN,23091,JIWA,2023
715,32,JAWA BARAT,WIRASWASTA,LAKI-LAKI,10974989,JIWA,2023
716,32,JAWA BARAT,WIRASWASTA,PEREMPUAN,463162,JIWA,2023
717,32,JAWA BARAT,PETANI / PETERNAKAN,LAKI-LAKI,1297712,JIWA,2023
718,32,JAWA BARAT,PETANI / PETERNAKAN,PEREMPUAN,129058,JIWA,2023
719,32,JAWA BARAT,NELAYAN,LAKI-LAKI,63658,JIWA,2023
720,32,JAWA BARAT,NELAYAN,PEREMPUAN,191,JIWA,2023
721,32,JAWA BARAT,AGAMA DAN KEPERCAYAAN,LAKI-LAKI,14939,JIWA,2023
722,32,JAWA BARAT,AGAMA DAN KEPERCAYAAN,PEREMPUAN,595,JIWA,2023
723,32,JAWA BARAT,PELAJAR / MAHASISWA,LAKI-LAKI,92077,JIWA,2023
724,32,JAWA BARAT,PELAJAR / MAHASISWA,PEREMPUAN,55368,JIWA,2023
725,32,JAWA BARAT,TENAGA KESEHATAN,LAKI-LAKI,19313,JIWA,2023
726,32,JAWA BARAT,TENAGA KESEHATAN,PEREMPUAN,6392,JIWA,2023
727,32,JAWA BARAT,PENSIUNAN,LAKI-LAKI,186130,JIWA,2023
728,32,JAWA BARAT,PENSIUNAN,PEREMPUAN,52806,JIWA,2023
729,32,JAWA BARAT,LAINNYA,LAKI-LAKI,7453,JIWA,2023
730,32,JAWA BARAT,LAINNYA,PEREMPUAN,2549504,JIWA,2023
